community_id,size,mule_rate,avg_pagerank,avg_betweenness,avg_passthrough,avg_burst_ratio,avg_velocity_7d,internal_density,total_flow,suspicion_score,is_suspicious
4,1236,0.0647,0.00021,0.001986,5.4694,2.451,1.3,0.0033,78540704.13,0.2044,0
1,1226,0.0604,0.000202,0.001753,8.2881,2.332,1.31,0.0034,62283367.44,0.2015,0
3,1094,0.0594,0.000202,0.00195,6.1077,2.302,1.31,0.0035,61393366.09,0.2014,0
6,888,0.0439,0.000195,0.00166,38068261.0549,2.283,1.29,0.0038,40871876.29,0.1962,0
5,143,0.0,0.000172,0.001647,3.3559,1.776,1.31,0.01,530852.86,0.1837,0
0,184,0.0,0.00018,0.001848,4.1752,1.827,1.23,0.0082,665402.47,0.1828,0
2,229,0.0,0.000179,0.001312,55742011.9176,1.811,1.24,0.0067,961802.9,0.1804,0
